temperature,vibration,pressure,runtime,maintenance_gap,failure
73.66,4.41,91.86,965.81,39.18,1
57.52,3.41,88.01,824.98,25.76,0
79.01,3.88,107.81,737.38,11.31,0
81.29,5.45,104.53,875.64,2.72,0
46.59,4.5,74.71,911.47,24.99,0
54.37,5.01,120.21,370.62,39.3,1
71.53,5.51,98.3,630.41,34.87,1
66.21,3.94,80.0,628.37,10.22,0
69.8,5.63,121.4,303.93,27.59,1
59.76,5.07,111.26,260.85,22.8,0
80.55,2.65,77.24,158.21,17.18,0
79.33,6.66,131.99,676.35,44.03,1
70.79,3.75,111.86,791.87,19.27,0
83.53,2.02,99.82,772.91,32.87,0
75.61,2.93,128.62,350.46,55.47,0
59.69,2.97,102.87,245.0,32.82,0
74.43,4.58,99.49,480.93,37.4,0
58.49,4.09,88.11,569.47,5.32,0
80.54,3.99,110.47,923.13,11.51,0
69.4,5.43,108.58,881.08,6.96,1
67.78,5.01,100.26,920.26,46.12,1
61.83,4.97,85.78,857.75,50.32,0
84.67,5.11,102.34,966.35,12.0,1
68.15,5.42,98.74,492.22,13.94,0
64.86,1.34,76.0,95.1,20.07,0
65.77,3.95,73.51,129.38,35.87,0
76.39,1.23,110.17,420.76,37.69,0
74.39,4.55,53.17,294.8,41.52,0
74.95,4.49,103.7,211.44,54.41,1
75.17,6.07,91.39,955.54,18.41,1
95.7,6.28,123.55,235.65,39.87,1
65.12,4.8,91.12,961.41,34.02,1
63.85,3.75,111.87,772.8,19.04,0
60.23,5.23,92.86,658.9,54.54,1
77.39,3.71,102.05,692.22,6.63,0
83.55,4.5,113.26,364.9,43.01,1
68.63,5.98,91.67,664.11,43.94,1
59.92,3.66,117.94,227.36,55.0,0
60.11,5.71,82.11,940.82,31.6,0
77.81,5.52,105.3,336.7,19.98,1
78.92,3.07,116.61,292.43,49.84,0
76.52,5.96,111.88,725.6,46.48,1
62.01,5.55,134.5,673.63,30.52,1
72.79,4.65,86.26,478.73,46.3,0
71.4,3.36,75.18,650.82,16.8,0
72.62,3.21,82.1,201.52,35.78,0
80.46,3.69,111.89,689.66,52.05,1
72.68,5.31,108.96,307.08,19.76,1
78.15,3.07,101.84,309.19,29.53,0
70.81,5.16,79.79,204.07,57.11,0
73.47,2.64,113.8,365.76,48.09,0
77.58,4.19,77.96,364.69,53.34,0
52.51,4.66,120.86,481.47,23.73,0
66.16,8.17,151.43,230.9,59.79,1
64.36,2.43,106.6,233.36,10.0,0
62.33,6.71,110.5,564.65,31.61,0
66.7,4.72,91.13,172.43,29.28,0
87.94,5.12,67.42,704.45,48.11,1
59.61,4.68,89.15,946.75,54.61,0
81.62,5.17,80.33,455.46,44.14,1
49.81,4.27,73.95,906.05,37.98,0
65.98,6.68,131.0,143.4,26.22,0
71.95,3.82,104.91,90.81,31.11,0
77.03,6.2,106.83,735.3,31.05,1
78.53,3.53,94.44,772.97,2.2,0
79.52,4.41,96.89,850.91,30.68,1
65.82,2.89,117.36,103.98,51.5,0
64.45,5.18,99.42,788.06,42.85,1
80.3,6.67,109.55,407.71,47.95,1
67.7,4.38,96.47,338.17,24.04,0
54.69,4.2,93.84,214.37,32.21,0
56.4,2.83,74.68,996.21,2.98,0
58.97,4.16,64.4,110.48,23.6,0
75.97,2.11,95.29,835.66,28.99,0
71.71,3.13,101.02,657.52,16.06,0
78.29,4.84,76.85,748.33,2.84,0
64.87,6.48,99.38,726.13,41.73,1
71.9,8.71,100.97,865.51,26.67,1
77.51,3.62,61.19,224.6,25.53,0
66.29,6.65,83.53,50.78,15.75,0
75.48,4.87,107.33,618.6,32.73,1
62.06,4.27,106.97,386.17,26.84,0
65.64,5.15,79.23,167.6,28.97,1
65.42,4.59,102.85,226.83,35.27,0
55.65,4.67,118.4,365.16,1.37,0
75.84,3.89,113.99,116.72,54.55,0
64.37,2.4,98.28,104.07,5.19,0
70.15,2.18,91.58,920.22,27.6,0
75.77,5.48,88.67,346.5,13.23,0
75.36,4.08,108.42,983.12,31.9,0
77.98,3.61,103.51,966.15,17.53,0
68.82,4.51,111.33,185.44,51.74,0
64.92,5.69,102.37,729.18,24.39,1
69.04,4.77,114.74,620.76,38.69,0
49.75,3.52,101.7,706.11,15.68,0
52.63,6.34,114.12,141.38,2.14,1
54.13,6.87,115.67,229.13,24.85,1
58.03,5.24,85.52,122.81,32.65,0
74.8,5.96,67.45,623.93,28.11,1
59.13,6.36,127.78,987.26,57.76,1
65.46,6.2,104.62,688.39,42.7,1
85.59,5.42,69.14,725.22,59.74,1
65.72,5.4,87.15,985.36,18.41,1
78.85,5.28,113.89,694.11,47.55,1
58.8,2.85,94.97,88.17,33.78,0
67.53,5.55,90.78,873.66,37.09,1
58.6,2.47,125.22,396.44,59.17,0
65.93,3.31,81.15,54.15,39.59,0
80.08,6.46,85.63,531.87,54.03,1
49.27,5.76,103.8,940.16,43.82,1
75.21,6.73,107.03,294.46,8.52,0
72.85,4.09,108.93,516.94,42.27,1
62.87,2.77,116.4,215.09,29.57,0
52.65,4.14,103.57,104.81,55.21,0
70.87,4.65,108.81,126.52,48.6,0
63.65,4.62,95.33,740.66,7.14,0
72.79,6.2,101.13,870.87,8.9,0
70.26,3.96,101.94,186.13,5.11,0
89.22,5.03,103.87,323.9,30.1,1
67.13,3.02,113.91,235.28,5.77,0
57.72,5.18,109.99,75.51,43.7,0
72.15,4.5,100.8,575.76,33.59,0
72.64,3.38,85.44,714.93,50.32,1
86.31,4.15,101.22,665.48,17.51,0
80.02,4.22,99.5,418.65,31.63,1
74.28,4.09,103.48,577.26,7.93,0
87.56,7.16,139.72,139.39,53.19,1
55.73,4.35,90.57,196.59,11.33,0
62.32,4.13,107.6,935.2,7.04,0
58.88,1.35,119.23,773.43,13.1,0
65.32,3.16,101.76,926.6,48.57,0
53.48,4.11,142.08,920.85,7.24,0
77.62,3.47,93.2,666.92,37.25,0
67.33,6.57,105.83,931.83,45.02,1
52.35,4.25,85.62,445.87,45.31,0
57.81,6.43,93.67,53.44,12.21,1
73.76,4.59,104.48,109.44,4.64,0
80.06,4.56,115.23,154.01,27.48,0
93.96,4.37,105.74,140.59,12.95,0
104.97,4.51,122.66,384.12,42.26,1
74.97,7.08,98.29,716.21,22.04,1
58.13,1.02,94.02,801.12,27.51,0
44.42,1.5,148.67,610.7,7.7,0
73.21,3.69,107.1,189.11,34.49,0
60.24,4.52,87.05,760.51,11.95,0
65.02,5.54,87.5,387.06,41.06,1
62.65,5.21,83.03,62.34,5.2,0
68.31,3.92,116.86,316.56,58.58,1
82.79,6.03,93.44,364.07,41.39,1
71.88,6.05,102.29,310.53,11.72,0
68.1,4.78,98.86,821.28,1.83,0
57.57,5.94,113.17,771.93,20.73,1
49.9,4.91,84.76,710.77,10.02,0
64.16,3.66,80.64,182.05,13.89,0
69.35,5.55,104.04,817.44,52.49,1
91.22,4.67,110.82,693.32,36.59,1
71.56,4.5,105.99,235.1,11.41,0
81.79,6.71,85.43,665.69,33.84,1
64.01,0.82,112.19,509.34,16.09,0
55.78,2.37,86.61,467.38,58.6,0
58.42,2.72,90.61,156.52,2.93,0
61.3,3.96,83.01,542.39,44.21,0
95.54,4.12,123.42,144.94,46.61,1
60.14,2.24,111.4,206.04,4.96,0
80.06,3.02,110.89,175.92,11.14,0
59.16,3.21,122.45,956.4,23.67,0
81.18,8.19,150.63,320.62,52.22,1
74.62,7.2,69.23,387.44,32.68,1
68.12,3.88,86.71,355.98,39.66,0
69.51,3.95,88.91,903.34,47.2,1
62.14,2.78,84.69,584.82,49.86,0
75.35,1.64,80.6,923.2,29.1,0
64.54,4.32,94.61,334.93,31.02,0
55.29,3.0,78.1,159.09,43.36,0
54.66,4.37,106.03,578.41,16.54,0
72.07,2.1,100.93,378.26,51.41,1
88.95,3.36,108.66,811.81,2.23,0
71.92,4.72,109.14,885.45,12.55,1
68.58,5.05,110.85,498.94,48.21,1
73.43,5.13,93.28,972.79,21.08,1
85.67,2.52,138.18,575.36,9.84,0
72.63,5.78,104.22,307.37,12.02,1
65.07,3.3,66.48,514.53,32.31,0
83.28,5.45,81.96,85.44,50.92,0
75.15,4.48,68.67,813.8,5.17,0
88.43,2.44,100.31,146.36,2.8,0
72.2,4.03,97.81,343.31,28.44,0
55.31,5.05,91.57,587.05,57.42,1
53.58,5.42,136.2,90.83,17.46,0
89.81,4.29,109.88,125.35,57.59,1
90.68,6.8,113.07,711.31,53.37,1
67.85,6.01,83.24,118.19,17.7,0
65.4,4.12,82.02,503.23,49.2,0
87.54,5.63,100.66,371.76,41.47,1
56.72,7.4,103.11,266.68,31.2,0
59.26,7.44,66.59,229.34,25.95,1
77.72,2.66,96.75,775.24,49.11,1
65.26,3.11,100.25,953.97,47.79,0
69.94,6.73,96.13,183.17,45.66,1
68.04,2.91,85.36,961.7,59.9,0
74.05,2.52,90.29,615.02,29.23,0
86.89,3.77,96.82,659.58,48.61,1
71.09,5.13,101.63,724.43,51.89,1
77.73,4.35,110.89,718.91,13.48,1
45.4,3.52,119.46,828.82,3.48,0
69.42,3.49,94.7,509.3,24.88,0
59.88,3.43,91.79,556.69,51.55,0
55.37,3.18,107.88,357.64,18.06,0
59.46,7.92,111.0,149.99,42.3,1
65.99,4.95,92.18,681.41,1.43,0
80.99,5.83,114.23,81.93,21.97,1
54.08,3.77,117.63,311.85,37.32,0
70.37,4.22,123.25,139.52,8.66,1
64.19,3.43,132.01,231.19,53.9,0
66.07,0.52,84.4,656.79,10.22,0
82.03,2.43,100.25,647.05,54.68,0
76.46,1.78,100.2,450.0,13.77,0
86.05,1.13,98.23,135.66,59.66,0
68.15,2.71,88.31,461.71,36.68,0
61.65,6.49,73.26,385.11,5.98,1
67.31,4.43,101.67,734.44,4.85,0
72.91,6.44,86.17,600.08,5.42,1
72.12,5.12,101.55,516.99,35.8,1
56.99,5.67,85.71,512.63,48.77,0
71.09,3.15,80.21,967.98,24.77,1
72.74,5.29,104.22,768.48,27.25,1
100.21,5.59,102.72,522.13,35.77,1
92.52,3.64,110.43,505.26,32.45,1
59.76,5.34,139.35,75.16,41.6,0
66.55,5.35,104.99,945.38,28.84,1
52.44,3.68,108.73,353.22,43.12,0
62.91,2.82,80.6,293.14,59.84,0
73.79,2.72,76.84,999.44,21.67,0
84.47,4.63,128.49,732.76,1.72,1
61.25,4.99,83.38,95.0,8.41,0
62.15,3.31,81.21,108.79,33.66,0
44.23,4.54,99.3,74.23,21.31,0
68.05,5.36,98.38,619.64,56.46,1
57.25,5.43,83.75,117.99,38.02,0
63.65,6.83,94.51,936.72,31.7,1
59.48,6.42,122.13,940.06,48.08,1
68.87,3.0,85.49,568.75,16.26,0
48.91,7.03,74.91,635.81,49.36,1
52.4,3.7,116.97,327.3,1.18,0
95.55,6.07,108.86,110.77,37.56,1
54.55,4.6,88.83,750.59,56.15,1
56.84,3.88,71.52,146.7,47.48,0
92.04,1.79,86.6,131.28,51.36,0
104.86,4.24,99.02,345.66,24.42,1
55.94,2.16,120.98,61.84,49.63,0
65.58,5.95,81.34,462.33,33.5,1
74.1,6.78,98.48,722.3,37.49,1
90.74,3.3,112.15,811.28,4.48,0
58.16,4.95,57.14,624.09,12.89,0
67.06,3.41,118.61,854.53,33.51,0
79.33,3.56,78.72,436.18,4.47,0
75.22,5.66,105.98,856.33,44.75,1
65.49,4.44,104.44,531.15,50.56,0
68.39,7.11,119.52,261.88,55.3,1
53.5,3.78,109.92,946.94,7.0,0
67.14,6.0,57.21,311.22,56.44,1
66.8,4.65,85.87,74.89,4.99,0
72.79,5.69,102.49,280.54,28.97,0
63.34,3.83,96.49,398.35,50.57,0
75.66,4.43,108.6,383.78,5.15,0
82.15,4.33,114.21,548.43,2.08,0
71.87,3.25,110.95,888.97,2.47,0
74.22,5.49,96.14,327.72,31.16,1
70.64,5.48,66.77,544.73,48.88,1
70.0,5.39,91.8,373.13,8.52,0
61.34,6.81,107.49,830.68,8.35,1
73.8,6.67,80.37,199.72,34.54,0
68.83,3.94,111.36,148.33,14.82,0
95.12,5.06,116.35,527.85,44.08,1
88.88,3.56,102.28,688.29,57.03,1
74.63,4.54,50.0,805.75,46.2,1
60.84,3.6,76.99,610.14,52.75,0
56.65,6.93,133.95,785.16,31.66,1
84.29,5.05,90.16,423.07,50.11,1
73.15,4.17,64.29,81.22,11.79,0
75.76,6.29,122.23,160.29,5.03,1
49.06,1.24,100.24,86.79,39.7,0
81.13,1.48,119.89,362.5,4.07,0
75.45,5.69,104.99,520.72,53.66,1
56.67,4.59,108.25,388.5,41.8,0
64.34,4.88,106.53,582.57,57.18,1
73.16,2.51,112.55,506.58,19.52,0
70.63,4.47,140.99,694.05,29.68,1
66.49,7.51,117.48,683.61,44.76,1
68.76,5.74,71.55,352.16,15.32,0
66.98,4.75,108.04,378.9,32.97,1
71.83,3.84,120.55,605.89,39.91,0
87.66,3.91,121.65,616.61,58.75,1
39.2,1.31,92.32,348.96,44.94,0
67.16,4.89,120.97,363.8,7.97,1
72.12,5.77,116.7,709.34,29.04,1
73.55,2.14,146.31,665.04,35.74,1
65.54,3.51,86.5,178.3,9.65,0
48.92,2.76,90.87,468.99,26.49,0
73.94,3.05,94.49,898.07,17.76,0
90.73,4.58,91.18,84.49,8.01,0
51.59,1.37,83.98,862.41,31.21,0
80.37,5.42,50.27,205.02,10.77,1
66.06,5.63,92.18,531.89,35.84,1
69.26,4.12,106.65,453.12,11.01,0
57.37,0.78,91.12,59.62,43.69,0
65.99,3.01,134.84,919.63,12.52,0
85.6,6.35,100.24,482.18,53.88,1
76.99,0.5,123.24,956.55,2.55,0
90.79,3.98,104.71,322.41,31.8,1
84.13,2.73,114.88,872.96,19.89,0
75.27,5.71,105.03,926.27,14.28,1
90.93,3.49,124.64,578.99,28.82,1
75.27,5.11,101.01,242.54,50.68,1
79.94,5.35,108.93,700.99,55.0,1
66.44,7.25,106.59,571.53,18.89,1
70.8,4.2,94.81,947.3,10.1,0
61.63,5.06,107.29,467.31,43.49,0
81.88,2.27,140.22,305.09,35.34,0
55.86,6.29,95.13,181.37,12.86,0
79.39,3.36,107.55,713.7,45.86,1
67.71,3.66,122.64,975.4,31.62,1
84.05,4.47,120.52,76.93,39.55,0
79.01,2.16,100.21,753.42,22.2,0
91.85,4.84,57.1,930.58,26.91,0
78.77,5.95,109.3,121.04,11.64,0
51.14,4.94,60.05,154.66,45.63,0
69.2,2.12,126.46,707.36,10.26,0
55.94,4.31,103.05,665.57,46.92,0
63.78,5.61,117.99,115.39,48.08,1
88.13,1.68,83.76,842.7,45.05,0
77.65,2.89,72.05,547.25,2.15,0
61.61,5.81,104.69,911.84,17.11,0
57.84,4.91,99.4,884.09,28.63,1
70.39,5.12,91.15,821.88,36.14,1
55.4,7.29,101.52,540.1,55.23,1
61.95,5.2,149.81,289.13,23.16,0
73.74,5.49,115.02,530.68,52.63,1
83.86,8.57,118.89,145.77,10.64,1
77.31,4.18,115.19,675.9,22.91,1
42.5,3.3,126.63,177.28,4.08,0
73.65,5.14,96.58,535.61,44.81,0
70.86,5.16,63.01,101.66,9.89,0
74.97,3.71,96.61,334.54,16.16,1
89.39,2.95,114.61,270.48,46.74,1
45.24,7.96,82.54,639.03,32.55,1
62.91,4.99,96.83,797.45,1.82,0
77.09,3.4,87.55,104.44,1.13,0
51.02,5.87,127.04,857.77,31.13,1
87.71,4.34,113.49,867.73,18.99,1
74.42,4.12,111.73,375.16,11.64,0
80.16,5.34,111.19,676.05,37.2,1
63.15,2.56,99.33,432.48,14.48,0
79.77,5.03,103.56,196.48,35.94,1
82.82,7.37,78.67,552.23,23.38,1
72.79,5.2,60.64,132.04,12.02,1
72.81,3.94,102.7,884.55,9.15,0
73.24,3.74,105.83,928.08,14.97,0
59.64,3.88,121.77,830.53,2.76,0
68.23,4.12,128.28,584.4,19.18,1
68.17,3.93,128.26,579.72,54.22,0
74.6,5.87,82.04,985.38,50.05,1
82.0,1.9,93.66,285.51,22.95,0
57.3,5.79,108.65,122.15,34.97,0
68.5,3.93,145.57,583.84,34.47,1
87.78,5.07,126.64,362.35,49.9,1
61.08,2.81,120.15,356.22,14.94,0
60.13,6.49,93.02,56.73,18.49,1
72.43,6.37,84.1,616.43,18.81,0
80.13,5.94,114.2,300.83,3.41,1
70.14,2.23,80.19,228.47,19.57,0
85.95,5.74,95.71,88.41,52.8,1
80.28,5.11,97.93,396.14,54.81,1
80.1,2.09,128.67,885.02,7.47,0
76.65,4.46,93.62,369.84,28.03,0
97.93,5.05,56.09,695.12,23.5,1
67.54,5.33,109.08,768.72,29.87,1
45.96,4.77,87.42,361.7,33.73,0
89.25,4.94,100.77,830.56,2.2,1
64.51,6.71,98.44,707.29,50.69,1
71.29,6.34,95.07,581.28,58.45,1
85.71,0.5,114.23,50.94,39.55,0
50.77,4.02,72.41,83.34,39.97,0
54.98,4.25,90.69,991.32,32.15,1
50.78,1.87,112.31,793.17,20.72,0
60.47,4.64,88.95,940.69,9.79,0
75.28,6.37,71.04,907.19,35.46,1
76.29,2.87,112.03,69.42,3.65,0
73.32,5.0,120.22,802.25,49.65,1
53.05,3.13,99.19,478.59,25.83,0
42.28,3.49,64.7,800.08,25.47,0
70.65,6.72,112.71,56.38,20.3,1
64.34,3.69,70.12,323.79,58.19,0
75.51,5.19,105.56,763.76,11.32,0
78.42,1.69,84.03,803.37,9.93,0
71.66,7.29,79.12,638.73,10.77,1
79.12,5.4,92.05,336.19,39.85,0
72.75,4.23,96.7,344.84,59.52,1
76.36,5.36,88.4,968.43,14.89,1
61.54,2.39,110.6,467.25,54.43,0
67.84,6.27,91.97,474.77,17.44,0
72.36,4.01,117.64,574.72,39.23,1
79.85,4.19,105.06,439.03,3.39,1
65.28,3.76,87.44,575.04,30.24,0
76.25,3.63,84.41,460.72,39.62,0
66.81,5.54,70.35,835.38,32.64,1
68.59,4.88,105.23,913.6,15.03,0
79.95,5.48,93.62,935.5,49.88,1
46.08,4.49,57.3,586.08,58.24,0
54.44,5.27,90.36,470.04,28.09,0
52.21,3.87,83.78,719.98,38.52,0
42.0,7.84,128.36,846.41,47.63,1
61.86,2.15,69.35,584.83,15.25,0
78.99,6.39,74.06,714.98,52.0,1
66.58,6.55,119.98,762.24,17.53,1
72.37,3.22,124.42,692.57,46.77,1
83.07,7.84,86.59,758.83,7.61,1
85.93,5.99,88.62,248.21,18.01,1
69.17,5.96,111.09,523.46,32.48,1
86.24,4.54,58.11,608.86,31.97,1
71.11,4.17,66.5,52.35,51.18,0
59.95,4.19,94.95,863.16,59.77,1
62.87,5.09,127.9,629.52,7.33,0
52.23,6.6,92.16,172.68,17.01,0
59.34,4.77,101.82,825.54,22.1,0
65.7,3.13,120.41,731.2,29.26,1
79.64,5.74,137.92,770.38,30.14,1
90.65,5.88,89.62,422.44,51.52,1
53.41,5.48,99.7,861.49,46.46,1
74.71,5.62,132.8,443.33,2.11,1
57.51,4.09,72.6,591.98,27.85,0
75.7,3.11,118.5,50.61,37.47,0
68.43,3.2,81.67,662.63,28.16,0
48.03,2.05,101.84,732.27,8.71,0
81.14,4.86,95.63,588.75,24.45,1
62.74,4.37,82.76,521.73,25.29,0
63.59,3.84,82.3,819.44,12.08,0
57.16,0.5,104.98,697.3,45.62,0
62.15,2.63,117.92,314.17,19.96,0
75.13,6.18,97.66,961.12,35.75,1
67.73,3.5,101.26,721.9,31.43,1
73.94,5.04,110.28,988.54,52.77,1
74.34,2.41,82.51,972.7,8.2,0
85.85,6.66,113.31,922.96,7.74,1
65.89,4.28,114.75,767.6,18.72,0
52.28,4.94,146.87,628.96,26.44,1
82.81,7.99,93.23,213.56,18.61,1
66.02,6.77,91.75,566.18,46.03,1
83.38,4.04,113.84,777.11,15.47,0
74.6,3.61,114.74,544.81,6.0,0
68.43,4.01,90.37,874.83,25.41,0
74.19,5.26,92.74,154.17,46.63,1
93.41,4.34,109.74,411.89,51.18,1
94.92,3.91,85.1,530.67,44.27,1
70.83,6.7,92.61,460.71,33.92,1
71.92,4.33,101.61,153.16,43.73,1
82.91,7.95,117.93,195.85,41.2,1
59.85,4.64,89.12,845.74,14.83,0
74.0,7.18,66.84,510.17,33.49,1
69.69,5.04,65.5,96.29,46.47,1
73.77,5.94,77.33,65.67,19.71,1
60.0,3.41,76.36,499.8,39.58,0
50.93,3.22,97.22,206.16,29.41,0
45.12,5.19,78.6,719.87,30.69,0
56.59,5.98,87.35,805.56,6.31,1
64.5,4.56,86.07,266.88,40.31,0
66.48,2.57,92.07,612.57,52.08,0
93.25,2.46,123.81,196.72,9.34,0
83.27,2.36,111.92,338.4,22.6,0
58.45,1.85,100.29,894.36,3.87,0
74.17,4.66,91.7,566.89,2.75,0
65.12,6.19,92.2,891.59,59.39,1
66.59,4.48,105.9,263.99,30.11,0
72.22,1.11,110.52,363.52,21.98,0
77.43,4.21,83.66,497.4,17.22,0
65.93,4.26,100.66,506.08,58.82,0
82.77,7.64,63.43,997.77,15.88,1
56.3,2.31,103.81,158.72,43.82,0
70.08,3.91,113.72,859.37,17.74,1
101.17,7.06,94.96,870.5,5.16,1
72.68,5.17,132.7,575.54,41.31,0
87.2,5.34,84.14,376.84,1.1,0
71.1,4.67,103.91,543.26,40.87,0
76.97,4.99,99.36,327.84,15.77,1
69.32,5.67,98.19,809.15,45.02,1
67.96,3.29,97.94,523.37,46.42,0
60.65,5.82,101.93,929.55,43.72,1
75.16,2.44,115.26,641.56,2.44,0
59.78,4.99,124.8,538.6,42.52,1
77.99,4.77,99.96,725.52,59.42,1
83.02,3.58,114.68,528.74,15.31,0
74.4,4.47,87.37,909.28,17.18,0
66.57,3.57,113.79,225.22,49.0,1
75.45,2.89,86.28,974.68,10.46,0
66.3,3.97,119.63,821.58,39.97,1
81.23,2.84,139.79,867.7,45.55,0
48.02,4.98,97.8,508.76,3.19,0
65.97,2.77,60.53,845.34,33.67,0
46.11,5.57,90.13,341.44,34.98,1
52.06,2.73,122.17,773.85,18.9,0
86.37,3.65,109.96,183.43,52.7,1
80.74,3.56,104.48,341.7,10.6,0
61.37,6.49,118.16,473.45,22.49,1
51.97,5.0,108.72,356.2,51.07,0
35.0,4.18,121.92,417.67,12.25,0
63.48,5.25,116.55,829.1,49.46,1
99.04,1.34,127.39,293.84,5.67,0
75.22,4.44,106.46,758.02,29.86,1
63.29,7.5,116.29,120.03,5.44,1
75.58,4.7,94.47,777.45,41.0,1
51.27,4.6,89.17,802.42,47.65,1
66.43,5.32,130.72,431.61,51.14,1
71.19,5.84,103.89,736.35,58.89,1
68.97,1.5,114.49,919.38,40.65,0
79.49,1.98,102.23,810.68,46.37,0
74.14,4.82,89.44,420.92,30.84,1
78.02,3.43,100.2,510.0,54.85,1
61.74,6.47,125.85,790.39,38.98,1
80.77,4.03,109.99,327.96,53.13,1
89.55,1.6,69.19,813.69,14.89,0
58.36,2.6,96.13,361.67,30.31,0
59.35,0.5,132.08,815.69,44.06,0
86.03,4.15,96.15,132.46,12.96,0
67.7,4.22,67.59,92.18,13.47,0
86.85,3.86,134.07,997.79,58.7,1
64.69,6.12,112.28,875.98,26.64,1
87.46,6.3,98.74,888.71,11.73,1
71.58,4.24,93.31,953.72,20.56,1
73.1,1.3,119.48,466.4,24.45,0
88.78,5.43,90.24,322.49,37.76,1
65.66,5.33,120.67,173.52,55.46,1
58.71,4.96,109.76,526.15,59.21,1
64.62,5.97,104.4,259.05,39.45,1
75.43,2.75,102.62,938.77,42.3,1
51.21,7.51,96.85,53.8,19.99,1
77.65,3.06,118.82,186.04,51.57,1
63.53,5.62,84.42,284.15,13.85,1
83.77,1.97,70.81,239.01,7.28,0
41.27,3.1,111.06,264.49,58.42,0
60.56,6.77,111.36,673.25,51.98,1
49.76,4.11,108.64,361.14,18.92,0
60.09,5.76,107.34,634.27,40.84,0
72.97,4.86,94.23,895.75,28.55,1
67.85,4.34,114.17,622.43,20.06,0
66.96,6.55,99.18,709.81,17.92,1
68.09,4.15,91.23,397.23,9.03,0
72.44,1.83,94.39,201.75,33.41,0
57.9,3.3,136.37,354.55,27.35,0
78.48,5.33,68.77,966.07,31.22,1
77.95,5.09,109.0,640.72,13.71,0
74.62,2.15,69.78,313.64,56.38,0
76.68,3.41,98.05,478.37,38.68,0
73.56,3.63,92.19,843.74,54.08,0
94.42,3.95,62.47,685.02,7.45,0
68.95,2.44,107.0,582.62,37.75,0
66.32,3.56,93.16,890.9,51.12,0
60.96,3.41,62.21,688.82,20.52,0
57.61,5.66,115.11,660.59,12.51,0
55.07,5.71,125.83,230.28,16.64,0
59.33,4.28,126.82,151.07,17.1,0
69.15,3.91,106.46,966.89,27.38,1
74.01,4.71,100.83,618.92,20.23,0
70.61,3.28,123.91,444.9,17.01,0
60.81,2.78,130.28,609.57,39.26,0
80.8,3.09,120.4,108.72,4.13,0
78.87,3.55,83.05,831.02,21.08,0
68.08,2.75,103.62,255.81,41.7,0
62.17,4.74,107.91,814.32,11.38,1
76.58,5.59,67.43,557.66,14.03,1
72.26,2.12,108.45,312.74,12.84,0
52.62,4.54,140.91,78.7,1.05,0
69.18,4.17,111.52,825.04,28.95,1
73.14,5.01,126.52,217.64,3.3,0
59.2,4.48,103.29,99.21,17.1,0
72.28,2.32,98.68,768.08,59.69,0
52.54,2.61,106.86,382.54,55.19,0
86.03,4.54,85.32,419.87,13.69,0
84.98,6.04,82.65,284.71,19.29,1
66.97,1.18,122.79,866.22,28.36,0
74.36,5.02,124.7,332.46,50.82,1
41.08,6.28,82.16,249.68,48.36,0
56.12,4.27,117.42,343.79,8.45,0
66.47,5.33,98.43,242.99,8.34,0
57.13,3.45,106.12,351.77,25.59,0
78.57,4.32,108.28,128.79,52.34,1
93.97,2.07,117.9,200.6,53.04,0
55.88,0.98,101.49,446.2,7.33,0
59.95,5.91,125.38,885.49,34.88,0
72.83,3.02,105.57,104.43,10.18,0
89.33,3.82,111.24,252.04,41.48,0
55.33,2.42,85.0,912.93,55.07,0
72.99,2.39,138.86,895.51,27.83,0
91.86,4.24,108.46,695.48,5.9,1
50.18,3.41,112.83,278.45,35.18,0
54.63,5.07,71.05,448.82,25.1,0
64.92,5.18,85.19,250.66,48.84,1
63.75,4.98,122.28,172.16,21.08,1
79.75,4.86,105.16,411.0,52.62,1
72.9,6.87,65.55,597.03,17.15,1
48.7,2.9,118.69,391.94,10.29,0
76.18,4.42,90.21,630.28,19.08,1
63.07,6.2,125.4,331.44,3.06,0
85.29,6.4,98.42,378.56,17.59,1
62.47,2.37,103.68,801.14,39.95,0
62.36,4.03,121.22,884.4,9.39,0
76.49,6.54,83.85,355.93,7.57,1
79.16,5.26,82.13,592.94,8.81,0
75.38,4.79,96.46,314.25,5.58,0
49.77,4.17,114.89,100.67,52.6,0
76.46,3.92,76.04,750.96,56.7,0
57.59,4.93,69.98,212.45,3.75,0
72.82,4.12,114.83,454.43,45.84,1
52.92,4.44,89.15,512.69,44.49,0
75.36,4.62,92.94,225.25,59.82,0
60.32,3.48,66.58,139.83,21.52,0
54.61,5.3,87.78,380.61,17.85,0
78.57,8.87,99.86,954.67,27.73,1
72.9,1.83,116.75,634.38,51.54,0
62.63,4.99,86.12,412.34,43.99,0
87.41,3.36,129.83,86.97,28.83,0
64.71,5.37,87.68,620.26,15.43,1
70.39,4.57,87.7,137.64,43.89,0
73.23,5.64,127.67,565.42,51.42,1
62.56,6.26,103.81,764.35,24.6,1
75.65,4.79,90.06,452.41,40.45,1
63.6,6.2,97.21,334.44,24.61,1
65.06,0.98,124.36,95.02,29.23,0
86.35,6.89,126.39,73.54,31.97,1
57.51,5.06,85.3,458.53,46.77,0
41.05,6.12,99.24,889.18,58.67,1
89.33,2.67,101.62,281.86,27.22,0
100.59,3.25,82.25,595.35,21.2,1
65.14,4.72,99.0,700.09,23.04,1
46.76,4.47,100.1,107.79,8.9,0
66.27,4.92,120.52,195.45,18.52,0
66.57,6.13,121.73,364.71,6.1,1
67.72,1.85,94.07,686.59,26.25,0
56.64,5.96,96.15,467.08,10.87,1
76.95,4.51,111.96,747.49,21.44,1
76.29,4.19,89.47,874.22,47.82,0
52.07,2.29,110.6,770.45,15.51,0
78.39,5.25,98.42,992.63,37.1,1
94.63,0.88,82.55,766.64,54.17,0
72.06,5.47,82.78,859.57,34.45,1
65.95,2.26,126.05,840.75,12.43,0
68.3,4.58,97.18,743.75,21.34,0
77.38,4.32,129.53,811.71,35.83,1
49.23,6.25,90.75,937.95,30.89,0
71.97,4.23,105.24,501.45,9.77,0
65.31,3.46,143.07,656.37,27.36,0
92.17,3.74,80.97,539.19,33.04,1
67.91,6.41,65.84,858.49,16.77,1
90.01,5.3,123.16,459.79,37.13,1
56.76,3.92,85.12,828.74,5.14,0
77.05,4.15,99.63,809.39,20.86,0
73.83,2.15,89.45,963.79,48.45,0
59.57,5.08,104.83,286.47,16.3,0
72.13,1.86,82.89,724.14,36.71,0
84.55,5.63,96.76,769.07,25.19,1
66.11,4.69,108.1,939.46,19.67,1
49.7,8.08,81.85,911.56,55.05,1
69.79,2.85,87.4,594.85,21.25,0
59.17,4.35,93.75,600.2,14.96,0
65.89,7.2,74.28,208.93,54.65,1
69.02,6.29,92.39,976.21,45.01,1
49.53,3.46,102.14,292.27,41.23,0
50.61,4.84,92.81,738.5,3.92,0
75.78,4.5,95.12,806.01,8.74,0
63.73,4.92,99.64,469.15,38.66,1
39.22,3.45,88.2,250.63,13.36,0
79.42,4.37,112.44,229.51,14.31,1
73.27,2.1,125.85,863.67,46.97,0
61.43,4.7,91.64,535.22,17.87,0
54.2,5.18,108.73,135.63,5.22,0
80.03,4.16,95.69,731.17,3.15,0
74.19,2.08,106.58,287.66,27.15,0
98.59,5.98,128.18,882.58,37.41,1
75.04,5.05,109.16,344.09,52.26,0
74.65,3.41,68.08,240.26,7.54,0
68.0,4.08,108.17,130.62,12.6,1
79.8,2.25,122.19,535.95,32.26,0
77.5,2.96,96.01,478.2,22.48,1
85.02,3.69,117.92,763.75,29.47,0
63.74,6.34,87.58,491.37,55.52,1
64.78,3.54,73.26,376.63,33.15,0
64.25,5.46,102.54,298.57,25.49,0
79.49,3.69,68.38,314.24,59.38,1
87.98,4.87,95.68,931.46,4.85,1
64.49,4.29,123.16,206.82,55.99,1
64.9,5.81,65.62,988.77,30.6,1
73.77,3.7,76.97,360.57,30.72,0
67.05,2.14,81.42,133.97,55.4,0
81.42,2.43,98.86,286.26,30.93,0
42.98,3.7,93.42,105.49,26.87,0
60.08,2.63,125.18,800.53,17.08,0
60.61,5.12,117.18,536.93,39.87,0
42.16,3.8,108.91,370.14,34.61,0
58.44,8.06,102.62,678.95,13.65,1
59.02,1.89,107.08,649.11,42.86,0
67.59,4.81,84.48,942.88,39.0,1
83.36,2.81,115.43,963.2,24.44,1
67.06,3.76,79.98,696.65,1.26,0
57.63,4.71,115.04,826.93,27.35,1
69.32,1.01,121.35,802.8,1.36,0
82.59,4.86,103.8,516.74,5.42,0
58.29,7.35,96.83,719.24,26.41,1
59.07,3.82,107.21,124.35,5.83,0
76.7,4.89,50.0,770.12,17.26,0
67.34,6.04,105.44,963.74,39.67,1
77.77,4.25,97.96,130.73,19.21,0
69.84,3.63,99.09,844.31,59.86,1
78.42,1.09,112.72,936.33,55.06,0
57.58,5.46,98.65,264.88,35.53,0
69.85,4.33,79.48,548.57,58.05,1
67.47,2.98,97.45,931.47,52.21,1
55.41,4.69,101.22,962.21,19.82,0
51.24,3.62,102.07,171.49,45.23,0
78.23,3.71,102.91,381.55,9.07,0
65.79,5.41,118.71,713.24,41.39,1
57.73,2.49,80.45,260.48,29.97,0
68.85,6.07,103.16,358.53,1.99,0
83.54,2.4,123.22,72.13,17.18,0
42.63,3.51,68.78,195.85,57.37,0
52.04,7.38,103.23,584.21,19.63,1
58.93,6.19,89.46,670.44,11.71,0
87.53,4.65,93.33,666.47,12.06,0
73.39,3.09,83.71,789.44,29.27,0
79.21,3.71,96.95,444.52,50.72,1
56.32,4.61,133.14,309.82,45.72,1
56.57,4.56,77.24,64.8,26.77,0
75.37,4.36,78.95,246.3,13.31,0
70.7,4.45,76.57,346.77,3.72,1
76.58,4.18,131.09,219.3,28.3,0
67.75,2.34,91.68,69.14,49.07,0
73.34,3.73,99.54,199.58,44.05,0
71.9,5.87,92.75,682.79,25.11,0
79.33,2.45,83.0,648.11,36.09,1
79.68,4.22,95.77,938.9,26.74,1
50.56,3.27,144.25,808.26,35.16,0
43.03,4.67,125.06,589.37,31.53,0
82.02,3.92,84.65,180.68,41.18,1
84.25,6.72,111.66,585.87,30.95,1
57.75,5.26,85.03,108.52,56.5,0
47.68,2.53,68.03,459.34,26.25,0
71.19,5.51,118.35,420.75,1.94,1
81.17,3.34,120.88,456.42,14.95,1
91.57,3.63,118.83,315.83,30.54,1
76.2,4.97,91.54,701.54,32.89,1
65.54,3.76,97.0,848.9,33.59,0
59.28,5.84,113.5,780.09,43.16,0
70.14,3.34,107.05,646.36,17.2,0
66.41,3.57,92.91,561.43,40.23,1
57.82,3.52,70.86,79.53,42.54,0
94.59,3.65,102.05,736.79,25.27,1
91.42,6.15,119.42,567.73,24.73,1
83.63,5.44,78.44,307.2,11.56,0
58.95,7.06,111.5,361.45,25.43,1
80.26,7.9,105.97,938.83,47.42,1
77.68,2.95,113.5,643.14,54.63,1
75.31,4.61,115.7,502.12,36.02,0
85.0,2.74,87.5,639.88,18.66,0
77.62,3.33,70.89,443.06,41.26,0
78.88,3.55,90.4,496.67,44.67,1
77.64,2.91,116.0,325.79,20.6,1
74.09,2.92,90.24,467.86,49.77,0
48.6,4.28,87.51,701.31,5.35,0
71.0,2.67,67.22,87.94,1.63,0
63.33,5.76,131.55,805.28,8.26,1
54.64,3.12,114.86,318.83,10.2,0
90.18,8.71,113.86,698.43,52.86,1
90.75,3.82,117.42,660.59,26.07,1
86.31,4.61,110.38,670.0,17.22,1
73.06,2.56,95.6,627.72,26.32,0
86.21,7.06,97.05,961.15,24.3,1
70.14,6.18,92.3,532.93,18.79,1
72.43,4.95,147.43,745.7,9.14,1
56.88,2.48,110.01,720.18,39.7,0
74.76,4.82,91.65,274.45,9.06,0
70.72,2.82,108.38,319.14,46.75,1
54.37,6.69,81.8,452.82,12.9,0
69.39,5.71,127.08,313.81,44.15,0
69.04,4.64,88.1,398.41,48.53,1
91.57,0.85,109.02,421.41,8.39,0
80.73,3.02,119.19,623.67,6.12,0
70.14,5.53,106.93,258.9,57.02,1
72.99,6.32,101.7,814.08,28.32,0
70.53,6.16,100.19,465.66,38.18,1
67.57,2.11,98.98,720.93,2.37,0
57.01,4.95,89.62,127.37,17.44,0
68.19,6.02,91.91,496.47,30.82,1
61.05,2.01,126.63,76.81,53.29,0
55.0,4.49,98.05,692.11,17.01,0
76.13,4.91,85.86,376.52,46.74,1
74.7,4.05,90.71,951.79,40.07,1
48.56,1.72,119.81,357.92,7.8,0
68.53,4.01,112.16,585.62,18.31,1
81.95,4.01,110.09,294.52,15.03,0
82.71,4.28,95.36,639.11,27.11,0
82.31,3.65,110.32,493.69,38.48,0
70.47,3.84,88.42,402.1,26.57,0
59.86,4.44,95.33,243.5,15.43,0
57.0,5.16,117.46,155.95,42.06,1
74.14,4.04,115.74,163.89,35.48,1
74.55,3.89,82.33,999.09,31.64,1
85.45,4.64,84.6,441.7,33.71,0
83.2,1.62,101.96,51.83,14.09,0
68.41,5.22,131.07,955.28,41.15,1
55.07,4.5,65.52,68.98,23.86,0
66.17,4.56,105.01,447.66,22.44,0
72.61,5.94,75.23,731.6,9.83,0
67.58,1.57,88.58,918.87,36.21,1
63.07,1.54,93.44,727.24,36.56,0
73.03,4.91,92.43,490.44,21.08,0
63.95,4.49,90.39,975.72,51.73,1
62.46,4.76,100.13,87.35,50.88,0
73.74,3.81,90.37,987.55,7.43,0
65.18,5.5,73.68,856.92,42.01,1
72.93,5.9,114.04,932.48,24.24,1
73.28,5.23,113.55,292.03,59.98,1
56.33,4.11,115.18,185.34,14.28,0
64.23,1.34,72.27,680.15,17.55,0
87.25,5.65,105.38,540.07,27.08,1
56.06,6.33,112.17,547.01,16.85,1
44.6,5.47,81.44,928.39,41.83,1
47.66,3.18,100.17,639.08,29.37,1
70.35,5.51,97.91,345.51,14.03,1
70.37,5.79,133.16,430.06,30.88,1
68.59,6.84,134.64,176.82,53.44,1
84.57,3.19,70.04,232.7,47.75,1
37.93,4.16,144.89,186.18,30.43,0
74.75,5.62,83.53,819.78,18.02,1
88.74,4.59,117.65,719.63,11.61,0
56.47,2.82,117.47,553.83,52.82,0
65.44,5.12,82.08,405.65,42.9,0
60.97,5.37,108.88,685.07,34.76,1
59.27,4.63,98.06,822.26,52.89,1
66.08,4.83,109.98,887.17,8.18,1
87.13,4.11,104.15,569.67,41.27,0
92.05,6.72,121.53,828.89,13.79,1
65.97,3.15,101.36,535.74,8.11,0
92.86,3.62,96.98,500.8,28.47,1
70.43,4.52,119.73,872.16,23.86,1
91.04,5.82,110.45,417.06,56.53,1
68.88,2.25,113.17,426.12,20.11,0
71.57,2.53,88.04,339.67,49.08,0
74.39,1.44,81.19,542.77,45.18,0
108.15,4.55,89.78,567.61,40.41,1
80.22,2.82,88.83,677.44,55.3,1
61.51,3.92,114.15,458.98,25.07,0
81.63,5.49,117.57,256.95,23.99,1
65.66,3.54,97.21,873.5,10.5,0
64.12,4.85,125.76,378.7,17.27,0
80.9,4.05,124.63,926.8,52.91,1
70.37,5.51,104.38,246.99,28.99,1
73.34,5.21,85.21,582.05,21.14,0
70.17,3.46,128.36,559.78,13.75,0
74.04,4.25,98.9,837.22,29.61,0
75.1,6.07,102.27,181.91,43.28,1
46.76,5.09,93.89,914.44,17.91,0
78.0,2.4,83.98,554.86,45.71,0
58.22,5.48,73.56,606.8,38.16,1
52.69,2.87,111.39,534.66,47.47,0
69.3,6.62,85.9,84.22,15.8,1
71.01,6.04,155.07,522.24,38.23,1
61.68,4.93,80.45,300.37,10.07,0
79.97,4.74,77.37,375.55,22.46,0
53.89,4.19,109.18,666.65,43.74,0
65.12,5.52,127.53,522.81,38.27,1
62.98,3.94,101.16,138.56,12.08,0
69.44,4.85,110.3,119.39,51.64,1
73.35,5.81,66.82,226.37,4.15,0
57.91,3.66,87.8,231.34,36.12,0
78.69,3.58,80.67,627.89,59.05,1
70.76,2.71,65.89,218.92,32.36,0
47.3,2.9,102.11,887.63,48.24,0
46.5,1.76,59.63,249.27,36.12,0
69.85,5.59,76.2,136.57,47.2,1
67.35,7.21,90.33,881.96,39.68,1
68.76,6.64,85.04,330.56,41.78,1
69.66,2.06,107.14,454.15,14.44,0
72.71,5.59,105.5,961.08,44.77,1
81.37,6.63,116.09,947.15,15.04,1
56.67,3.81,113.54,729.17,58.86,1
55.94,4.65,120.53,115.49,14.44,0
56.88,1.49,99.97,613.67,14.96,0
73.47,4.9,105.46,989.62,51.66,0
84.94,2.9,109.21,949.57,15.34,1
64.82,4.8,102.55,150.7,22.29,0
39.98,2.16,92.85,426.17,43.16,0
49.55,5.31,94.02,349.76,10.37,0
60.0,6.04,85.28,173.24,10.39,0
63.31,3.33,107.59,710.06,29.7,0
65.1,2.79,98.31,310.16,15.38,0
70.46,1.27,88.06,377.62,14.9,0
66.26,4.1,88.08,135.84,1.55,0
82.59,3.63,78.21,523.07,22.86,0
61.89,2.17,117.62,200.26,19.78,0
59.65,5.18,101.42,460.49,2.84,1
75.75,3.83,84.47,186.18,37.65,0
51.57,2.89,114.55,956.16,37.97,0
74.68,3.67,89.91,187.73,5.18,0
71.23,6.11,74.68,545.79,19.71,1
68.23,5.4,118.38,237.13,52.5,1
89.06,4.3,90.33,122.54,35.35,0
62.53,5.43,92.64,242.19,25.31,0
94.72,2.76,100.74,102.04,28.44,0
67.29,4.55,120.57,182.43,13.29,0
54.68,4.72,100.36,518.81,48.9,0
70.84,3.8,78.42,669.22,54.93,1
57.09,5.15,109.79,132.97,54.73,1
60.98,3.33,91.27,468.97,14.21,0
74.76,5.26,133.98,602.18,19.33,1
76.67,5.33,99.98,272.51,10.48,0
62.53,0.5,59.77,403.47,19.12,0
81.85,6.29,106.43,118.24,20.64,1
83.89,0.5,135.0,259.12,38.35,0
87.24,3.58,128.37,493.42,12.19,0
76.35,6.04,132.96,990.92,55.24,1
86.36,4.02,81.64,996.45,7.08,1
47.43,2.3,116.42,980.64,1.41,0
66.19,2.86,87.0,451.93,51.44,0
59.6,6.04,104.04,126.65,42.52,1
71.43,1.62,77.09,357.39,21.97,0
63.14,6.19,88.4,275.83,36.13,1
68.01,4.42,87.83,63.42,14.19,0
92.59,2.71,116.17,140.47,10.93,0
67.96,3.63,114.41,480.53,28.8,0
74.97,2.97,104.98,372.68,21.84,0
67.21,5.8,75.69,221.34,37.3,1
70.91,5.6,94.39,730.29,13.87,1
70.07,1.92,86.57,389.26,40.11,0
75.38,3.89,115.65,859.27,46.24,1
83.98,3.21,121.21,278.93,10.83,0
89.77,6.44,119.01,561.47,3.59,1
73.72,2.47,86.41,224.93,26.94,0
77.07,6.91,50.69,520.54,46.67,1
56.19,4.45,68.19,194.84,39.4,0
68.95,2.76,125.59,203.5,42.41,1
81.28,3.48,92.78,631.61,24.77,1
80.39,3.3,86.49,300.6,14.86,0
72.54,2.59,129.57,213.75,32.37,0
80.64,4.64,122.77,933.28,13.06,1
75.89,2.66,100.44,90.85,43.85,1
84.4,1.23,94.72,586.89,12.62,0
73.47,3.93,97.62,570.85,18.18,0
65.73,1.8,104.09,288.08,30.89,0
74.03,3.37,128.8,480.13,29.72,1
35.0,3.14,107.6,133.35,36.45,0
74.59,3.19,113.07,735.21,26.81,0
35.0,7.5,121.05,260.61,55.25,1
49.32,4.58,78.95,233.72,50.56,0
75.42,4.87,113.59,349.13,52.87,1
75.73,1.84,94.7,907.25,38.14,0
56.05,3.52,54.71,806.64,38.47,0
61.45,4.82,61.69,949.55,36.94,1
86.45,2.96,81.67,669.36,26.66,0
64.19,5.86,109.56,679.78,20.0,1
96.92,2.7,102.05,506.03,35.93,0
69.98,4.07,103.32,909.93,2.51,0
74.9,3.62,135.12,535.33,1.44,1
89.4,4.75,77.16,387.31,51.25,1
71.57,3.54,99.51,658.36,3.74,0
57.97,4.09,105.48,568.83,31.96,0
68.68,4.15,86.75,167.82,37.28,0
69.57,3.4,100.51,423.09,12.69,0
53.62,5.23,71.2,347.66,53.85,0
66.93,4.86,125.38,854.49,12.22,1
61.09,4.37,87.73,409.9,53.19,0
81.09,3.85,136.57,830.48,46.02,1
70.42,5.69,99.42,470.27,15.2,0
66.61,4.15,118.5,765.83,9.89,0
68.73,4.04,99.04,178.52,19.66,1
72.68,4.66,99.45,928.42,24.48,1
77.4,7.04,89.49,506.53,15.5,1
58.0,2.49,102.14,296.81,59.93,0
57.5,5.65,105.72,279.42,14.55,0
83.26,1.66,85.88,301.82,50.01,0
65.05,4.83,97.75,398.39,10.39,0
53.0,6.86,89.02,731.64,58.83,1
75.33,5.23,141.39,952.12,14.31,1
75.56,4.76,98.38,685.59,25.88,1
51.63,3.66,127.81,569.81,33.96,0
72.75,4.55,96.48,476.17,8.1,0
78.83,4.12,104.67,836.78,49.19,1
74.49,3.32,76.22,857.17,17.21,0
77.58,4.07,91.95,328.39,33.41,0
53.15,4.8,103.79,955.75,33.43,0
73.97,3.35,128.55,425.36,36.56,1
66.37,3.29,104.0,810.07,4.27,0
64.21,2.46,124.91,968.48,10.95,0
80.45,5.09,111.53,718.48,10.51,0
87.75,5.32,129.29,203.47,18.82,0
91.53,4.85,98.94,606.83,9.55,1
85.78,5.95,143.02,162.84,55.39,0
68.68,4.63,91.26,799.68,31.26,1
74.23,5.09,86.2,317.25,37.79,0
79.2,4.96,78.22,710.45,22.09,1
71.45,4.36,141.96,914.59,17.3,0
71.57,3.7,114.75,221.96,30.69,1
79.89,7.82,93.99,423.21,18.37,1
